tanggal_analisis,tanggal_data,ticker,sektor,close_price,eps,per,roe,fcf,der,ma50,ma200,gradient,volume,volma200,rsi,sentimen_value,score,label,horizon,rule_dominan,max_alpha,top_active_rules
2024-11-01,2024-11-01,ACES,Consumer Cyclical,900.0,44.99916078902106,17.00031704117125,0.1252712513238615,1174683322814.0,0.1423615130408663,842.3,833.05,-0.0163934426229508,15241600,47422587.5,58.82352941176471,0.5,0.5,Netral,N/A,1,0.0,
2024-11-01,2024-11-01,ADMR,Basic Materials,1390.0,0.0107875916029886,119118.3395971342,0.4517134117552939,161857150.0,0.4340259046336711,1382.7,1368.625,-0.0071428571428571,14431600,28808348.0,44.82758620689656,0.5,0.5,Netral,N/A,1,0.0,
2024-11-01,2024-11-01,ADRO,Energy,3790.0,868.3508678125391,2.79840798238782,0.2423620897183147,8608111460000.0,0.2125095826398593,3701.2,2986.55,0.0355191256830601,146059200,53157264.0,43.33333333333333,0.5,0.8125,Potensial,hold menengah-panjang,17,0.1,"17 (α=0.102, output=potensial)"
2024-11-01,2024-11-01,AKRA,Energy,1350.0,140.4233264916376,11.03805214365368,0.2468651585680253,2853380374000.0,0.4109846919789903,1480.3,1582.3,-0.0425531914893617,11986500,30565833.5,24.657534246575334,0.5,0.5,Netral,N/A,1,0.0,
2024-11-01,2024-11-01,AMMN,Basic Materials,9025.0,0.0034820548932592,1909791.833802906,0.0554166413001934,-1640818000.0,0.7066801993596,9893.0,9712.875,-0.021680216802168,16725600,31504647.5,38.02816901408451,0.5,0.8142,Potensial,avoid,30,0.12,"30 (α=0.118, output=tidak potensial)"
2024-11-01,2024-11-01,AMRT,Consumer Defensive,3240.0,82.83049882075471,33.0796027913506,0.2351659029798674,2286652000000.0,0.128585561859598,3167.6,2884.9,-0.0689655172413793,37751400,25966158.0,52.32558139534884,0.5,0.8214,Potensial,swing trade,12,0.2,"12 (α=0.196, output=potensial) | 25 (α=0.116, output=potensial)"
2024-11-01,2024-11-01,ANTM,Basic Materials,1520.0,128.0710803566852,12.84442979178892,0.1004348926409273,2917959000000.0,0.0984371897251575,1484.0,1485.5,-0.0410094637223974,86562200,72290727.0,37.5,0.5,0.805,Potensial,fast trade,6,0.01,"6 (α=0.013, output=potensial) | 7 (α=0.013, output=potensial)"
2024-11-01,2024-11-01,ARTO,Financial Services,2800.0,5.220422232326912,607.2305761725768,0.0086590643873869,1598594000000.0,0.0065465312526625,2912.8,2692.475,-0.0209790209790209,5397800,14717259.0,38.888888888888886,0.5,0.5,Netral,N/A,1,0.0,
2024-11-01,2024-11-01,ASII,Industrials,5075.0,844.6274762566153,6.600543028399184,0.1703534031413613,11648000000000.0,0.4697442609746275,5123.3,4984.9,-0.0287081339712918,54219100,67952747.5,58.28571428571429,0.5,0.5,Netral,N/A,1,0.0,
2024-11-01,2024-11-01,BBCA,Financial Services,10425.0,395.8382984578387,24.31548447307499,0.2006926613027064,52964427000000.0,0.0097641094108996,10490.5,9964.625,-0.0302325581395348,47710000,81336951.5,47.826086956521735,0.0,0.5,Netral,N/A,1,0.0,
2024-11-01,2024-11-01,BBNI,Financial Services,5200.0,36132.82144912133,0.1563675288395558,0.1397073686011586,8037804000000.0,0.3525958653760758,5493.0,5319.075,-0.079646017699115,21870200,58547999.5,37.83783783783784,1.0,0.5,Netral,N/A,1,0.0,
2024-11-01,2024-11-01,BBRI,Financial Services,4700.0,399.1359246643198,14.28084932418398,0.1929580601297021,-13148750000000.0,0.478335057871834,5057.2,5191.125,-0.0146750524109014,235656400,237619860.0,33.33333333333333,0.5,0.5,Netral,N/A,1,0.0,
2024-11-01,2024-11-01,BBTN,Financial Services,1415.0,249.4568290146575,5.331583846605587,0.1148650067429697,4320863000000.0,1.684224023030562,1440.4,1358.2,-0.0374149659863945,12336600,36935427.5,32.432432432432435,0.5,0.5,Netral,N/A,1,0.0,
2024-11-01,2024-11-01,BMRI,Financial Services,6650.0,589.9291821576054,10.80638183838286,0.2110771300029522,-74824994000000.0,0.5146822738146433,7099.5,6723.5,-0.0567375886524822,101423100,106714860.5,38.29787234042553,1.0,0.5,Netral,N/A,1,0.0,
2024-11-01,2024-11-01,BRIS,Financial Services,2950.0,123.6469647017255,15.85158199983414,0.1472347036475092,223160000000.0,0.0285051640691589,2922.6,2541.575,-0.0199335548172757,23047200,42708378.0,45.90163934426229,1.0,0.8096,Potensial,hold menengah,14,0.07,"14 (α=0.07, output=potensial)"
2024-11-01,2024-11-01,BRPT,Basic Materials,985.0,0.0002786843968653,3869160.930435701,0.0154679627314256,16516000.0,2.530376517789401,1068.5,1052.7507580566407,-0.0247524752475247,53449200,151750841.455,41.17647058823529,0.5,0.822,Potensial,avoid,30,0.2,"30 (α=0.202, output=tidak potensial)"
2024-11-01,2024-11-01,BUKA,Technology,125.0,-14.81501051325181,,-0.0539487791364527,-20658255000.0,0.0015223455888448,123.88,140.335,-0.074074074074074,236590200,284743287.5,41.17647058823529,0.0,0.5,Netral,N/A,1,0.0,
2024-11-01,2024-11-01,CPIN,Consumer Defensive,4890.0,141.3943163800463,34.08906470500961,0.0858337531698754,1662751000000.0,0.3545403447893025,4932.8,5027.825,-0.0504854368932038,14790200,7061848.5,47.74436090225564,0.5,0.5,Netral,N/A,1,0.0,
2024-11-01,2024-11-01,ESSA,Basic Materials,965.0,0.0020093284278563,281188.4767901177,0.0912678407813017,148640938.0,0.4248976690409991,891.4,746.235,0.0211640211640211,21372100,34691015.5,55.17241379310345,0.5,0.8641,Potensial,swing trade,12,0.78,"12 (α=0.776, output=potensial)"
2024-11-01,2024-11-01,EXCL,Communication Services,2250.0,69.06453295370568,30.55113688257827,0.0477468645257622,5670905000000.0,1.744234842407978,2276.4,2285.75,-0.0088105726872246,30958300,24049939.0,40.0,0.5,0.5,Netral,N/A,1,0.0,
2024-11-01,2024-11-01,GOTO,Technology,68.0,-85.11747718277903,,-2.38320583839844,-4545755000000.0,0.1142956686434962,62.06,65.1,-0.0285714285714285,2045930500,3192353114.5,57.14285714285714,1.0,0.5,Netral,N/A,1,0.0,
2024-11-01,2024-11-01,ICBP,Consumer Defensive,12100.0,599.4363872532693,18.39227686947506,0.1715470676943696,10591175000000.0,1.07951287269508,12040.0,11159.875,-0.0434782608695652,4011200,5572051.0,42.85714285714285,0.5,0.5,Netral,N/A,1,0.0,
2024-11-01,2024-11-01,INCO,Basic Materials,3800.0,396.5690959351826,10.46475896013415,0.1069721357110465,2055275456000.0,0.0033616204406487,3945.2,4071.319877929688,-0.0663390663390663,5664500,18006956.74,20.28985507246378,0.5,0.5,Netral,N/A,1,0.0,
2024-11-01,2024-11-01,INDF,Consumer Defensive,7300.0,927.8614199435528,6.870638074797665,0.1376348083514519,14492760000000.0,1.092910492662369,7113.5,6479.625,-0.0266666666666666,15829400,9215723.5,60.41666666666666,1.0,0.8486,Potensial,scalping,4,0.52,"4 (α=0.521, output=potensial)"
2024-11-01,2024-11-01,INKP,Basic Materials,7625.0,0.0752080575716055,106371.5811618084,0.0685817092773703,287914000.0,0.5760558891710564,8354.5,8609.0,-0.0498442367601246,15444500,5793042.0,19.565217391304344,0.5,0.5,Netral,N/A,1,0.0,
2024-11-01,2024-11-01,INTP,Basic Materials,7200.0,593.9189413635648,15.40614276250009,0.0930048392640152,2929798000000.0,0.1337590084957155,7086.5,7764.875,-0.0526315789473684,1389500,2772182.0,47.05882352941176,0.5,0.5,Netral,N/A,1,0.0,
2024-11-01,2024-11-01,ISAT,Communication Services,2430.0,139.7295716423411,16.59455455810879,0.1465688710830104,4670996000000.0,1.752137366213467,2598.325,2641.39375,0.0565217391304347,14181400,18686707.5,44.21052631578947,0.5,0.5,Netral,N/A,1,0.0,
2024-11-01,2024-11-01,ITMG,Energy,25500.0,0.4487679647422803,60109.01427754827,0.2798930844454987,140326000.0,0.0301368498958647,26289.0,26043.375,-0.0009794319294809,1298000,1403965.0,38.75,0.5,0.5,Netral,N/A,1,0.0,
2024-11-01,2024-11-01,JSMR,Industrials,4780.0,936.0252908505768,5.117383095116236,0.2436318550374269,-1617319000000.0,2.551965224830689,4991.7,5103.1,0.0127118644067796,5541900,6577479.0,40.38461538461539,1.0,0.5,Netral,N/A,1,0.0,
2024-11-01,2024-11-01,KLBF,Healthcare,1570.0,61.14514339872947,26.0037005659069,0.1291734710328778,1729123494164.0,0.0288782153748366,1701.1,1572.525,-0.0308641975308641,47179900,35087706.0,28.98550724637681,0.5,0.5,Netral,N/A,1,0.0,
2024-11-01,2024-11-01,MAPI,Consumer Cyclical,1605.0,114.0692168674699,16.26205606509259,0.1894007349778646,-77400000000.0,0.8324143442713137,1677.8,1655.375,-0.0530973451327433,56583700,25435156.5,35.443037974683534,0.5,0.5,Netral,N/A,1,0.0,
2024-11-01,2024-11-01,MBMA,Basic Materials,540.0,6.415875790302844e-05,8338690.110064409,0.0045232986947988,-384677368.0,0.3214438097348534,543.8,579.7,0.0285714285714285,115062000,68016658.0,52.631578947368425,0.5,0.8154,Potensial,scalping,25,0.13,"25 (α=0.132, output=potensial)"
2024-11-01,2024-11-01,MDKA,Basic Materials,2350.0,-12.89023746750481,,-0.0222874219538704,-8435416565004.0,1.707371625171931,2451.4,2472.45,-0.0408163265306122,16423800,43280402.5,31.25,0.5,0.5,Netral,N/A,1,0.0,
2024-11-01,2024-11-01,MEDC,Energy,1265.0,204.1345801782583,5.75600664509631,0.1808408153975253,6443703674616.0,1.932619180997923,1291.3,1311.65,-0.0306513409961685,27299600,55551146.0,39.99999999999999,0.5,0.5,Netral,N/A,1,0.0,
2024-11-01,2024-11-01,MTEL,Communication Services,625.0,24.81257480899452,27.20394820755618,0.0589221894422098,-1369143000000.0,0.5435394710741012,644.3,643.475,-0.0157480314960629,18436800,31070659.0,52.38095238095237,0.5,0.5,Netral,N/A,1,0.0,
2024-11-01,2024-11-01,PGAS,Utilities,1530.0,0.0114716946141725,98503.3195186317,0.1030404371827628,601405840.0,0.5726702289195583,1517.5,1417.725,0.02,29992000,49820398.5,46.80851063829787,0.5,0.8402,Potensial,swing trade,12,0.41,"12 (α=0.412, output=potensial)"
2024-11-01,2024-11-01,PGEO,Utilities,1080.0,0.0039044346808988,300939.8532771679,0.082980299064662,187076000.0,0.3707072858968897,1140.1,1202.025,-0.04,8160800,24216791.5,4.545454545454547,0.5,0.5,Netral,N/A,1,0.0,
2024-11-01,2024-11-01,PTBA,Energy,2920.0,530.2819662514302,4.95962557163975,0.2848606300728292,2095150000000.0,0.06072825082584,2918.6,2741.3,0.0138888888888888,14265400,18570471.0,30.434782608695656,0.5,0.805,Potensial,hold menengah,13,0.02,"13 (α=0.024, output=potensial) | 17 (α=0.024, output=potensial) | 18 (α=0.024, output=potensial)"
2024-11-01,2024-11-01,SIDO,Healthcare,605.0,32.29629830950699,16.10091642753153,0.280763889668257,1005007000000.0,0.0027735330930845,660.4,657.3,-0.016260162601626,21083300,35610563.0,32.0,1.0,0.5,Netral,N/A,1,0.0,
2024-11-01,2024-11-01,SMGR,Basic Materials,3810.0,322.245236809406,19.55032776396374,0.0501715717565074,3992967000000.0,0.3656352944469713,4049.6,4717.25,-0.1321184510250569,22623200,21066275.5,38.92617449664429,0.5,0.5,Netral,N/A,1,0.0,
2024-11-01,2024-11-01,SMRA,Real Estate,640.0,46.39832948499216,13.25478755003293,0.0779469630399618,1293234142000.0,0.7330299816107892,666.7,578.655,0.032258064516129,46223200,54305317.5,28.94736842105263,0.5,0.5,Netral,N/A,1,0.0,
2024-11-01,2024-11-01,TLKM,Communication Services,2780.0,233.5674773101862,16.9544152533744,0.179350532146636,24161000000000.0,0.5290424472521317,3009.0,3298.55,-0.0446735395189003,99364500,123997824.0,39.285714285714285,0.5,0.5,Netral,N/A,1,0.0,
2024-11-01,2024-11-01,TOWR,Communication Services,800.0,55.88401598382477,17.53632022944904,0.197679843795651,4342041000000.0,2.732531043256627,830.5,829.825,0.0062893081761006,16300000,53488123.0,42.85714285714285,0.5,0.5,Netral,N/A,1,0.0,
2024-11-01,2024-11-01,UNTR,Industrials,27250.0,5844.151015966956,3.952669932191672,0.2600836773982344,7201129000000.0,0.2381658616081311,26934.5,24478.0,0.0167910447761194,2627300,4220376.0,67.13286713286713,0.5,0.5,Netral,N/A,1,0.0,
2024-11-01,2024-11-01,UNVR,Consumer Defensive,1955.0,126.4029517440657,27.1354422715135,1.419876388470732,6283060000000.0,0.2220438194531116,2227.6,2691.8,-0.069047619047619,9685800,19879151.0,21.25984251968504,0.5,0.5,Netral,N/A,1,0.0,
