Ticker,Nama Perusahaan,Sektor,Industri,positif,netral,negatif,sentimen_label,sentimen_dominan,full_berita
ADRO,PT Adaro Energy Indonesia Tbk,Energy,Thermal Coal,0,0,0,1,netral,Tidak ada berita terkait emiten ini
AMRT,PT Sumber Alfaria Trijaya Tbk,Consumer Defensive,Grocery Stores,0,0,0,1,netral,Tidak ada berita terkait emiten ini
ANTM,PT Aneka Tambang Tbk,Basic Materials,Gold,0,0,1,2,negatif,"Dugaan Korupsi Emas, Dua Manajer Antam Diperiksa Market 3 tahun yang lalu ANTM.JK"
ARTO,PT Bank Jago Tbk,Financial Services,Banks - Regional,0,2,0,1,netral,"MARKET COMMENTARY Saham IMAS-ARTO-GOTO Kompak Kena ARB Berjamaah Market 3 tahun yang lalu IMAS.JK ARTO.JK GOTO.JK ||| MARKET COMMENTARY Rekap Saham Bank Digital 3 Tahun, Ini Dia yang Paling Cuan Market 3 tahun yang lalu ARTO.JK BBHI.JK BABP.JK BBYB.JK BANK.JK AGRO.JK"
ASII,PT Astra International Tbk,Industrials,Conglomerates,0,0,0,1,netral,Tidak ada berita terkait emiten ini
BBCA,PT Bank Central Asia Tbk,Financial Services,Banks - Regional,0,0,0,1,netral,Tidak ada berita terkait emiten ini
BBNI,PT Bank Negara Indonesia (Persero) Tbk,Financial Services,Banks - Regional,0,0,0,1,netral,Tidak ada berita terkait emiten ini
BBRI,PT Bank Rakyat Indonesia (Persero) Tbk,Financial Services,Banks - Regional,0,0,0,1,netral,Tidak ada berita terkait emiten ini
BBTN,PT Bank Tabungan Negara (Persero) Tbk,Financial Services,Banks - Regional,0,0,0,1,netral,Tidak ada berita terkait emiten ini
BFIN,PT BFI Finance Indonesia Tbk,Financial Services,Credit Services,0,0,1,2,negatif,"BFI Finance Diserang Hacker, Nasabah Takut Tagihan Menggunung Market 3 tahun yang lalu"
BMRI,PT Bank Mandiri (Persero) Tbk,Financial Services,Banks - Regional,0,1,0,1,netral,"Erick Thohir Berbenah, Utang BUMN Karya di BMRI Cs Anjlok 41% Market 3 tahun yang lalu"
BRIS,PT Bank Syariah Indonesia Tbk,Financial Services,Banks - Regional,0,0,0,1,netral,Tidak ada berita terkait emiten ini
BRPT,PT Barito Pacific Tbk,Basic Materials,Chemicals,0,0,0,1,netral,Tidak ada berita terkait emiten ini
CPIN,PT Charoen Pokphand Indonesia Tbk,Consumer Defensive,Farm Products,0,0,0,1,netral,Tidak ada berita terkait emiten ini
ESSA,PT Surya Esa Perkasa Tbk,Basic Materials,Agricultural Inputs,0,1,0,1,netral,"Dua Saham Taipan TP Rachmat Kompak Ambles, Sinyal Apa? Market 3 tahun yang lalu ASLC.JK ESSA.JK"
EXCL,PT XL Axiata Tbk,Communication Services,Telecom Services,0,0,0,1,netral,Tidak ada berita terkait emiten ini
GGRM,PT Gudang Garam Tbk,Consumer Defensive,Tobacco,0,0,0,1,netral,Tidak ada berita terkait emiten ini
GOTO,PT GoTo Gojek Tokopedia Tbk,Technology,Software - Infrastructure,1,2,0,1,netral,"GOTO Izin RUPSLB Buat Private Placement 118 M Saham, Mengapa? Market 3 tahun yang lalu ||| MARKET COMMENTARY Saham IMAS-ARTO-GOTO Kompak Kena ARB Berjamaah Market 3 tahun yang lalu IMAS.JK ARTO.JK GOTO.JK ||| MARKET COMMENTARY Saham GOTO Tiba-tiba Ditutup ARA, Penyebabnya Apa? Market 3 tahun yang lalu"
HMSP,PT H.M. Sampoerna Tbk,Consumer Defensive,Tobacco,0,0,0,1,netral,Tidak ada berita terkait emiten ini
HRUM,PT Harum Energy Tbk,Energy,Thermal Coal,0,0,0,1,netral,Tidak ada berita terkait emiten ini
ICBP,PT Indofood CBP Sukses Makmur Tbk,Consumer Defensive,Packaged Foods,0,0,0,1,netral,Tidak ada berita terkait emiten ini
INCO,PT Vale Indonesia Tbk,Basic Materials,Other Industrial Metals & Mining,0,2,0,1,netral,Tok! Wanaartha Vs Vale Sidang Pekan Depan Market 3 tahun yang lalu INCO.JK ||| Menteri ESDM Beberkan Rencana Merah Putihkan Vale Market 3 tahun yang lalu INCO.JK
INDF,PT Indofood Sukses Makmur Tbk,Consumer Defensive,Packaged Foods,0,0,0,1,netral,Tidak ada berita terkait emiten ini
INDY,PT Indika Energy Tbk,Energy,Thermal Coal,1,0,0,0,positif,Rahasia Mengejutkan Anindya Bakrie Bikin Bisnis Bus Listrik Market 3 tahun yang lalu
INKP,PT Indah Kiat Pulp & Paper Tbk,Basic Materials,Paper & Paper Products,0,0,0,1,netral,Tidak ada berita terkait emiten ini
INTP,PT Indocement Tunggal Prakarsa Tbk,Basic Materials,Building Materials,0,0,0,1,netral,Tidak ada berita terkait emiten ini
ITMG,PT Indo Tambangraya Megah Tbk,Energy,Thermal Coal,0,0,0,1,netral,Tidak ada berita terkait emiten ini
JPFA,PT Japfa Comfeed Indonesia Tbk,Consumer Defensive,Farm Products,0,0,0,1,netral,Tidak ada berita terkait emiten ini
KLBF,PT Kalbe Farma Tbk,Healthcare,Drug Manufacturers - General,0,0,0,1,netral,Tidak ada berita terkait emiten ini
MAPA,PT MAP Aktif Adiperkasa Tbk,Consumer Cyclical,Specialty Retail,0,0,0,1,netral,Tidak ada berita terkait emiten ini
MDKA,PT Merdeka Copper Gold Tbk,Basic Materials,Other Industrial Metals & Mining,0,0,0,1,netral,Tidak ada berita terkait emiten ini
MEDC,PT Medco Energi Internasional Tbk,Energy,Oil & Gas E&P,0,0,0,1,netral,Tidak ada berita terkait emiten ini
MIKA,PT Mitra Keluarga Karyasehat Tbk,Healthcare,Medical Care Facilities,0,0,0,1,netral,Tidak ada berita terkait emiten ini
MNCN,PT Media Nusantara Citra Tbk,Communication Services,Broadcasting,0,0,0,1,netral,Tidak ada berita terkait emiten ini
PGAS,PT Perusahaan Gas Negara Tbk,Utilities,Utilities - Regulated Gas,0,0,0,1,netral,Tidak ada berita terkait emiten ini
PTBA,PT Bukit Asam Tbk,Energy,Thermal Coal,0,0,0,1,netral,Tidak ada berita terkait emiten ini
SMGR,PT Semen Indonesia (Persero) Tbk,Basic Materials,Building Materials,0,0,0,1,netral,Tidak ada berita terkait emiten ini
TBIG,PT Tower Bersama Infrastructure Tbk,Real Estate,REIT - Specialty,0,0,0,1,netral,Tidak ada berita terkait emiten ini
TINS,PT Timah Tbk,Basic Materials,Other Industrial Metals & Mining,0,0,0,1,netral,Tidak ada berita terkait emiten ini
TLKM,Perusahaan Perseroan (Persero) PT Telekomunikasi Indonesia Tbk,Communication Services,Telecom Services,0,0,0,1,netral,Tidak ada berita terkait emiten ini
TOWR,PT Sarana Menara Nusantara Tbk,Communication Services,Telecom Services,0,0,0,1,netral,Tidak ada berita terkait emiten ini
TPIA,PT Chandra Asri Petrochemical Tbk,Basic Materials,Chemicals,0,0,0,1,netral,Tidak ada berita terkait emiten ini
UNTR,PT United Tractors Tbk,Industrials,Farm & Heavy Construction Machinery,0,0,0,1,netral,Tidak ada berita terkait emiten ini
UNVR,PT Unilever Indonesia Tbk,Consumer Defensive,Household & Personal Products,0,0,0,1,netral,Tidak ada berita terkait emiten ini
WIKA,PT Wijaya Karya (Persero) Tbk,Industrials,Engineering & Construction,1,0,0,0,positif,"WIKA Kantongi Kontrak Baru Rp 8,76 T, Garap Proyek Apa Saja? Market 3 tahun yang lalu"
