sektor,eps_mean,eps_std,per_mean,per_std,roe_mean,roe_std,der_mean,der_std,fcf_mean,fcf_std,eps_min,eps_mid,eps_max,per_min,per_mid,per_max,roe_min,roe_mid,roe_max,der_min,der_mid,der_max,fcf_min,fcf_mid,fcf_max
Basic Materials,150.650832,731.745725,545462.067355,2370035.072628,0.038395,0.214841,0.561452,1.015938,458009386136.32794,2235954375899.1377,-581.094893,150.650832,882.396557,-1824573.005273,545462.067355,2915497.139984,-0.176446,0.038395,0.253236,-0.454486,0.561452,1.57739,-1777944989762.8098,458009386136.32794,2693963762035.466
Communication Services,0.839449,108.893216,182.19539,386.60766,-0.054001,0.326121,0.472152,1.366666,1269696218901.6038,5120164509711.121,-108.053767,0.839449,109.732665,-204.41227,182.19539,568.80305,-0.380122,-0.054001,0.27212,-0.894514,0.472152,1.838819,-3850468290809.5176,1269696218901.6038,6389860728612.725
Consumer Cyclical,4344.906806,39412.982006,48067.02676,227705.463362,0.024136,1.335096,2.744761,9.118175,57941671646.89558,632647925789.599,-35068.0752,4344.906806,43757.888812,-179638.436602,48067.02676,275772.490122,-1.31096,0.024136,1.359232,-6.373415,2.744761,11.862936,-574706254142.7034,57941671646.89558,690589597436.4946
Consumer Defensive,137.010947,284.660839,32411.976442,270653.238214,0.111095,0.260279,0.785639,1.173541,720642713790.8179,1897264183777.5596,-147.649892,137.010947,421.671786,-238241.261771,32411.976442,303065.214656,-0.149184,0.111095,0.371374,-0.387902,0.785639,1.959181,-1176621469986.7417,720642713790.8179,2617906897568.3774
Energy,75.363929,269.457611,289019.602126,871188.475946,0.212331,0.241003,0.535925,1.03951,1089593640674.6027,4342411690154.277,-194.093682,75.363929,344.82154,-582168.87382,289019.602126,1160208.078073,-0.028672,0.212331,0.453334,-0.503585,0.535925,1.575435,-3252818049479.6743,1089593640674.6027,5432005330828.88
Financial Services,2932.740542,14325.172302,118.365104,514.817349,0.031183,0.133427,0.439979,0.674355,314907890388.59094,6828855931466.946,-11392.43176,2932.740542,17257.912845,-396.452245,118.365104,633.182453,-0.102243,0.031183,0.16461,-0.234376,0.439979,1.114334,-6513948041078.356,314907890388.59094,7143763821855.537
Healthcare,-19.167472,367.377996,74.375041,140.031571,0.005176,0.282905,0.650757,0.846498,57614238061.09259,471185145058.9066,-386.545468,-19.167472,348.210523,-65.65653,74.375041,214.406612,-0.277729,0.005176,0.288081,-0.195741,0.650757,1.497256,-413570906997.814,57614238061.09259,528799383119.9992
Industrials,128.124784,833.811548,383063.450576,2017422.336321,0.029414,0.281589,0.601999,1.258545,178842160905.1587,2258726807321.8735,-705.686764,128.124784,961.936333,-1634358.885745,383063.450576,2400485.786897,-0.252174,0.029414,0.311003,-0.656546,0.601999,1.860544,-2079884646416.7148,178842160905.1587,2437568968227.032
Real Estate,88.788209,238.331761,191.401848,818.363333,0.014684,0.140177,0.526755,0.819914,277923015735.0926,867945434399.1416,-149.543551,88.788209,327.11997,-626.961485,191.401848,1009.765181,-0.125493,0.014684,0.154862,-0.293159,0.526755,1.346669,-590022418664.0491,277923015735.0926,1145868450134.2341
Technology,8.460674,114.164368,8656.277213,31166.878051,0.306872,1.174499,0.754358,1.833768,-674357814654.2396,2435264071101.137,-105.703694,8.460674,122.625042,-22510.600838,8656.277213,39823.155264,-0.867626,0.306872,1.481371,-1.07941,0.754358,2.588126,-3109621885755.377,-674357814654.2396,1760906256446.8975
Utilities,1.833073,6.517409,1271312.423823,3111570.639383,0.116083,0.098218,1.405431,2.071079,-9538739177.25,27749457468.73184,-4.684336,1.833073,8.350482,-1840258.215561,1271312.423823,4382883.063206,0.017865,0.116083,0.2143,-0.665648,1.405431,3.47651,-37288196645.98184,-9538739177.25,18210718291.48184
