No,Kode,Nama Perusahaan,Sektor,Industri
1,ADRO,Adaro Energy Indonesia Tbk,Energy,Coal
2,AMRT,Sumber Alfaria Trijaya Tbk,Consumer Cyclicals,Consumer Staples Retail
3,ANTM,Aneka Tambang Tbk,Basic Materials,Metals & Mining
4,ARTO,Bank Jago Tbk,Financials,Banks
5,ASII,Astra International Tbk,Industrials,Industrial Conglomerates
6,BBCA,Bank Central Asia Tbk,Financials,Banks
7,BBNI,Bank Negara Indonesia (Persero) Tbk,Financials,Banks
8,BBRI,Bank Rakyat Indonesia (Persero) Tbk,Financials,Banks
9,BBTN,Bank Tabungan Negara (Persero) Tbk,Financials,Banks
10,BFIN,BFI Finance Indonesia Tbk,Financials,Consumer Finance
11,BMRI,Bank Mandiri (Persero) Tbk,Financials,Banks
12,BRIS,Bank Syariah Indonesia Tbk,Financials,Banks
13,BRPT,Barito Pacific Tbk,Basic Materials,Petrochemicals
14,BUKA,Bukalapak.com Tbk,Technology,E-Commerce
15,CPIN,Charoen Pokphand Indonesia Tbk,Consumer Non-Cyclicals,Food Products
16,EMTK,Elang Mahkota Teknologi Tbk,Communication Services,Media
17,ERAA,Erajaya Swasembada Tbk,Consumer Cyclicals,Specialty Retail
18,EXCL,XL Axiata Tbk,Infrastructure,Telecommunication
19,GOTO,GoTo Gojek Tokopedia Tbk,Technology,Internet Services
20,HMSP,H.M. Sampoerna Tbk,Consumer Non-Cyclicals,Tobacco
21,HRUM,Harum Energy Tbk,Energy,Coal
22,ICBP,Indofood CBP Sukses Makmur Tbk,Consumer Non-Cyclicals,Food Products
23,INCO,Vale Indonesia Tbk,Basic Materials,Metals & Mining
24,INDF,Indofood Sukses Makmur Tbk,Consumer Non-Cyclicals,Food Products
25,INDY,Indika Energy Tbk,Energy,Energy
26,INKP,Indah Kiat Pulp & Paper Tbk,Basic Materials,Paper
27,INTP,Indocement Tunggal Prakarsa Tbk,Basic Materials,Construction Materials
28,ITMG,Indo Tambangraya Megah Tbk,Energy,Coal
29,JPFA,Japfa Comfeed Indonesia Tbk,Consumer Non-Cyclicals,Food Products
30,KLBF,Kalbe Farma Tbk,Healthcare,Pharmaceuticals
31,MDKA,Merdeka Copper Gold Tbk,Basic Materials,Metals & Mining
32,MEDC,Medco Energi Internasional Tbk,Energy,Oil & Gas
33,MIKA,Mitra Keluarga Karyasehat Tbk,Healthcare,Healthcare Providers
34,MNCN,Media Nusantara Citra Tbk,Communication Services,Media
35,PGAS,Perusahaan Gas Negara Tbk,Infrastructure,Gas Utilities
36,PTBA,Bukit Asam Tbk,Energy,Coal
37,SMGR,Semen Indonesia (Persero) Tbk,Basic Materials,Construction Materials
38,TBIG,Tower Bersama Infrastructure Tbk,Infrastructure,Telecommunication Infrastructure
39,TINS,Timah Tbk,Basic Materials,Metals & Mining
40,TLKM,Telkom Indonesia (Persero) Tbk,Infrastructure,Telecommunication
41,TOWR,Sarana Menara Nusantara Tbk,Infrastructure,Telecommunication Infrastructure
42,TPIA,Chandra Asri Petrochemical Tbk,Basic Materials,Petrochemicals
43,UNTR,United Tractors Tbk,Industrials,Heavy Equipment
44,UNVR,Unilever Indonesia Tbk,Consumer Non-Cyclicals,Household Products
45,WIKA,Wijaya Karya (Persero) Tbk,Industrials,Construction
