Ticker,Nama Perusahaan,Sektor,Industri
ACES,PT Aspirasi Hidup Indonesia Tbk,Consumer Cyclical,Specialty Retail
ADMR,PT Adaro Minerals Indonesia Tbk,Basic Materials,Other Industrial Metals & Mining
AKRA,PT AKR Corporindo Tbk,Energy,Oil & Gas Refining & Marketing
AMMN,PT Amman Mineral Internasional Tbk,Basic Materials,Other Precious Metals & Mining
AMRT,PT Sumber Alfaria Trijaya Tbk,Consumer Defensive,Grocery Stores
ANTM,PT Aneka Tambang Tbk,Basic Materials,Gold
ARTO,PT Bank Jago Tbk,Financial Services,Banks - Regional
ASII,PT Astra International Tbk,Industrials,Conglomerates
BBCA,PT Bank Central Asia Tbk,Financial Services,Banks - Regional
BBNI,PT Bank Negara Indonesia (Persero) Tbk,Financial Services,Banks - Regional
BBRI,PT Bank Rakyat Indonesia (Persero) Tbk,Financial Services,Banks - Regional
BBTN,PT Bank Tabungan Negara (Persero) Tbk,Financial Services,Banks - Regional
BMRI,PT Bank Mandiri (Persero) Tbk,Financial Services,Banks - Regional
BRIS,PT Bank Syariah Indonesia Tbk,Financial Services,Banks - Regional
BRPT,PT Barito Pacific Tbk,Basic Materials,Chemicals
BUKA,PT Bukalapak.com Tbk,Technology,Internet Content & Information
CPIN,PT Charoen Pokphand Indonesia Tbk,Consumer Defensive,Farm Products
ESSA,PT ESSA Industries Indonesia Tbk,Basic Materials,Specialty Chemicals
EXCL,PT XL Smart Telecom Sejahtera Tbk,Communication Services,Telecom Services
GOTO,PT GoTo Gojek Tokopedia Tbk,Technology,Software - Infrastructure
ICBP,PT Indofood CBP Sukses Makmur Tbk,Consumer Defensive,Packaged Foods
INCO,PT Vale Indonesia Tbk,Basic Materials,Other Industrial Metals & Mining
INDF,PT Indofood Sukses Makmur Tbk,Consumer Defensive,Packaged Foods
INKP,PT Indah Kiat Pulp & Paper Tbk,Basic Materials,Paper & Paper Products
INTP,PT Indocement Tunggal Prakarsa Tbk,Basic Materials,Building Materials
ISAT,PT Indosat Ooredoo Hutchison Tbk,Communication Services,Telecom Services
ITMG,PT Indo Tambangraya Megah Tbk,Energy,Thermal Coal
JSMR,PT Jasa Marga (Persero) Tbk,Industrials,Infrastructure Operations
KLBF,PT Kalbe Farma Tbk,Healthcare,Drug Manufacturers - General
MAPI,PT Mitra Adiperkasa Tbk,Consumer Cyclical,Department Stores
MBMA,PT Merdeka Battery Materials Tbk,Basic Materials,Other Precious Metals & Mining
MDKA,PT Merdeka Copper Gold Tbk,Basic Materials,Other Industrial Metals & Mining
MEDC,PT Medco Energi Internasional Tbk,Energy,Oil & Gas E&P
MTEL,PT Dayamitra Telekomunikasi Tbk,Communication Services,Telecom Services
PGAS,PT Perusahaan Gas Negara Tbk,Utilities,Utilities - Regulated Gas
PGEO,PT Pertamina Geothermal Energy Tbk,Utilities,Utilities - Renewable
PTBA,PT Bukit Asam Tbk,Energy,Thermal Coal
SIDO,PT Industri Jamu dan Farmasi Sido Muncul Tbk,Healthcare,Drug Manufacturers - General
SMGR,PT Semen Indonesia (Persero) Tbk,Basic Materials,Building Materials
SMRA,PT Summarecon Agung Tbk,Real Estate,Real Estate Development
TLKM,PT Telkom Indonesia (Persero) Tbk,Communication Services,Telecom Services
TOWR,PT Sarana Menara Nusantara Tbk,Communication Services,Telecom Services
UNTR,PT United Tractors Tbk,Industrials,Farm & Heavy Construction Machinery
UNVR,PT Unilever Indonesia Tbk,Consumer Defensive,Household & Personal Products
